,trajectory_id,trace_number,longitude (degree_east),latitude (degree_north),date,time_UTC,surface_altitude (m),land_ice_thickness (m),bedrock_altitude (m),two_way_travel_time (m),aircraft_altitude (m),along_track_distance (m),easting,northing,project,geometry
0,18105,,-116.1833,-73.92333,,,40.0,217.0,-619.0,,,,-1577478.5849564092,-775644.662355655,,POINT (-1577478.5849564092 -775644.662355655)
1,18104,,-116.2483,-73.96667,,,39.0,230.0,-892.0,,,,-1572293.5446053147,-775311.3747185688,,POINT (-1572293.5446053147 -775311.3747185688)
2,18103,,-116.2917,-74.025,,,44.0,289.0,-1070.0,,,,-1565915.9393749826,-773641.6300761694,,POINT (-1565915.9393749826 -773641.6300761694)
3,18102,,-116.3417,-74.06834,,,55.0,397.0,-1045.0,,,,-1560940.625796812,-772878.9711455371,,POINT (-1560940.625796812 -772878.9711455371)
4,18101,,-116.3333,-74.11667,,,57.0,420.0,-1270.0,,,,-1556259.4613194442,-770277.0802636516,,POINT (-1556259.4613194442 -770277.0802636516)
5,18100,,-116.3417,-74.16666,,,60.0,454.0,-1340.0,,,,-1551188.3126787564,-768050.2431308989,,POINT (-1551188.3126787564 -768050.2431308989)
6,18099,,-116.3483,-74.215,,,68.0,534.0,-1263.0,,,,-1546306.1028411915,-765854.6846215884,,POINT (-1546306.1028411915 -765854.6846215884)
7,18098,,-116.335,-74.265,,,63.0,485.0,-1343.0,,,,-1541525.4917565517,-763041.38456062,,POINT (-1541525.4917565517 -763041.38456062)
8,18097,,-116.3133,-74.365,,,64.0,503.0,-1263.0,,,,-1531897.544388257,-757553.4314964161,,POINT (-1531897.544388257 -757553.4314964161)
9,18096,,-116.3083,-74.415,,,74.0,602.0,-1205.0,,,,-1527005.876944589,-754968.5687880765,,POINT (-1527005.876944589 -754968.5687880765)
10,18095,,-116.2917,-74.47833,,,75.0,614.0,-772.0,,,,-1520944.9511838274,-751423.6886557454,,POINT (-1520944.9511838274 -751423.6886557454)
11,18094,,-116.285,-74.49333,,,73.0,588.0,-642.0,,,,-1519545.5067783094,-750511.2420435923,,POINT (-1519545.5067783094 -750511.2420435923)
12,18093,,-116.2633,-74.52665999999999,,,95.0,687.0,-592.0,,,,-1516524.4202801734,-748304.7711933872,,POINT (-1516524.4202801734 -748304.7711933872)
13,18092,,-116.245,-74.55666,,,141.0,901.0,-760.0,,,,-1513788.095344546,-746353.4529038832,,POINT (-1513788.095344546 -746353.4529038832)
14,18091,,-116.2417,-74.64,,,258.0,652.0,-394.0,,,,-1505566.6575930237,-742192.1900145266,,POINT (-1505566.6575930237 -742192.1900145266)
15,18090,,-116.2083,-74.70333000000001,,,472.0,690.0,-218.0,,,,-1499718.1664029637,-738222.6982687517,,POINT (-1499718.1664029637 -738222.6982687517)
16,18089,,-116.2217,-74.725,,,509.0,777.0,-268.0,,,,-1497396.7587991636,-737515.113260432,,POINT (-1497396.7587991636 -737515.113260432)
17,18088,,-116.2067,-74.76833,,,575.0,781.0,-206.0,,,,-1493293.1093881063,-735008.2180814939,,POINT (-1493293.1093881063 -735008.2180814939)
18,18087,,-116.1667,-74.8,,,651.0,950.0,-299.0,,,,-1490664.6109593047,-732422.0958754872,,POINT (-1490664.6109593047 -732422.0958754872)
19,18086,,-116.15,-74.84666,,,713.0,954.0,-241.0,,,,-1486249.682622358,-729715.1679320683,,POINT (-1486249.682622358 -729715.1679320683)
20,18085,,-116.1,-74.94334,,,819.0,1025.0,-206.0,,,,-1477293.363973377,-723718.5513258077,,POINT (-1477293.363973377 -723718.5513258077)
21,18084,,-116.1167,-74.99,,,841.0,1355.0,-514.0,,,,-1472454.1707942868,-721880.1082837684,,POINT (-1472454.1707942868 -721880.1082837684)
22,18083,,-116.1617,-75.08833,,,971.0,895.0,76.0,,,,-1462138.7555344896,-718247.8299350402,,POINT (-1462138.7555344896 -718247.8299350402)
23,18082,,-116.2167,-75.18833000000001,,,1085.0,1117.0,-32.0,,,,-1451541.8954944955,-714772.7544614321,,POINT (-1451541.8954944955 -714772.7544614321)
24,18081,,-116.2417,-75.24,,,1138.0,551.0,587.0,,,,-1446113.0250606772,-712883.6094140195,,POINT (-1446113.0250606772 -712883.6094140195)
25,1465411,,-116.2633,-75.29,,,1134.0,560.0,574.0,,,,-1440894.164276393,-710986.2284403794,,POINT (-1440894.164276393 -710986.2284403794)
26,1465412,,-116.1917,-75.13834,,,1028.0,572.0,456.0,,,,-1456806.7967213413,-716575.6979632474,,POINT (-1456806.7967213413 -716575.6979632474)
27,1465413,,-116.1417,-75.03667,,,894.0,1046.0,-152.0,,,,-1467511.3389075624,-720251.2482346455,,POINT (-1467511.3389075624 -720251.2482346455)
28,1465414,,-116.1167,-74.89333,,,764.0,1041.0,-277.0,,,,-1482043.3640807644,-726581.2718413835,,POINT (-1482043.3640807644 -726581.2718413835)
29,1465415,,-116.1967,-74.78333,,,613.0,813.0,-200.0,,,,-1491933.9129857966,-734015.765004859,,POINT (-1491933.9129857966 -734015.765004859)
30,1465416,,-116.1867,-74.75,,,546.0,747.0,-201.0,,,,-1495367.480888939,-735380.9074178362,,POINT (-1495367.480888939 -735380.9074178362)
31,1465417,,-116.2333,-74.655,,,362.0,630.0,-268.0,,,,-1504188.033722884,-741238.479580249,,POINT (-1504188.033722884 -741238.479580249)
32,1465418,,-116.25,-74.54,,,118.0,857.0,-739.0,,,,-1515375.1186921573,-747300.3085046817,,POINT (-1515375.1186921573 -747300.3085046817)
33,1465419,,-116.2667,-74.50667,,,72.0,587.0,-538.0,,,,-1518462.2648398173,-749373.019393265,,POINT (-1518462.2648398173 -749373.019393265)
34,1465420,,-116.3,-74.46167,,,76.0,625.0,-1071.0,,,,-1522487.8265551073,-752460.351283359,,POINT (-1522487.8265551073 -752460.351283359)
35,1465421,,-116.32,-74.315,,,65.0,507.0,-1219.0,,,,-1536766.7888122036,-760185.0332485775,,POINT (-1536766.7888122036 -760185.0332485775)
36,144926,,-121.138,-76.8096,,,2110.0,2408.0,-298.0,,,,-1231911.9846992411,-744251.6175363883,,POINT (-1231911.9846992411 -744251.6175363883)
37,144925,,-121.1614,-76.81129,,,2113.0,2389.0,-276.0,,,,-1231448.7800432555,-744658.4422389615,,POINT (-1231448.7800432555 -744658.4422389615)
38,144924,,-121.1814,-76.81129,,,2114.0,2377.0,-263.0,,,,-1231188.7701919882,-745088.253578674,,POINT (-1231188.7701919882 -745088.253578674)
39,144923,,-121.1848,-76.81129,,,2115.0,2355.0,-240.0,,,,-1231144.5535972484,-745161.312479124,,POINT (-1231144.5535972484 -745161.312479124)
40,144922,,-121.2149,-76.81461,,,2117.0,2338.0,-221.0,,,,-1230440.4572563267,-745618.6403540736,,POINT (-1230440.4572563267 -745618.6403540736)
41,144921,,-121.2283,-76.81461,,,2119.0,2323.0,-204.0,,,,-1230266.0427039566,-745906.3881387273,,POINT (-1230266.0427039566 -745906.3881387273)
42,144920,,-121.2449,-76.81619,,,2120.0,2320.0,-200.0,,,,-1229901.230490473,-746172.608415125,,POINT (-1229901.230490473 -746172.608415125)
43,144919,,-121.2634,-76.81619,,,2121.0,2324.0,-203.0,,,,-1229660.2377598986,-746569.6872920041,,POINT (-1229660.2377598986 -746569.6872920041)
44,144918,,-121.3018,-76.8246,,,2123.0,2238.0,-115.0,,,,-1228368.8420771253,-746912.8198403355,,POINT (-1228368.8420771253 -746912.8198403355)
45,144917,,-121.3168,-76.8246,,,2123.0,2187.0,-64.0,,,,-1228173.258664849,-747234.3804512107,,POINT (-1228173.258664849 -747234.3804512107)
46,144916,,-121.3302,-76.8262,,,2124.0,2125.0,-1.0,,,,-1227848.070546308,-747430.0472925323,,POINT (-1227848.070546308 -747430.0472925323)
47,144915,,-121.3351,-76.82961,,,2123.0,2030.0,93.0,,,,-1227463.6322951938,-747339.9077084698,,POINT (-1227463.6322951938 -747339.9077084698)
48,144914,,-121.3519,-76.8329,,,2123.0,2003.0,120.0,,,,-1226935.271593476,-747511.4206910015,,POINT (-1226935.271593476 -747511.4206910015)
49,144913,,-121.3602,-76.8345,,,2124.0,2008.0,116.0,,,,-1226676.6270994241,-747597.5216244524,,POINT (-1226676.6270994241 -747597.5216244524)
50,144912,,-121.3685,-76.8362,,,2124.0,1813.0,311.0,,,,-1226408.5881640026,-747677.8355153713,,POINT (-1226408.5881640026 -747677.8355153713)
51,144911,,-121.397,-76.8429,,,2126.0,1497.0,629.0,,,,-1225407.2098457573,-747903.689866592,,POINT (-1225407.2098457573 -747903.689866592)
52,144910,,-121.402,-76.8429,,,2127.0,1438.0,689.0,,,,-1225341.9382704555,-748010.6239710975,,POINT (-1225341.9382704555 -748010.6239710975)
53,144909,,-121.4154,-76.8445,,,2128.0,1445.0,683.0,,,,-1225016.7103110866,-748205.408328326,,POINT (-1225016.7103110866 -748205.408328326)
54,144908,,-121.4305,-76.84621,,,2128.0,1521.0,607.0,,,,-1224658.92446202,-748430.1068163919,,POINT (-1224658.92446202 -748430.1068163919)
55,144907,,-121.4321,-76.84621,,,2129.0,1650.0,479.0,,,,-1224638.0238731792,-748464.3054532805,,POINT (-1224638.0238731792 -748464.3054532805)
56,144906,,-121.4589,-76.85451,,,2128.0,1773.0,355.0,,,,-1223508.7254816233,-748560.3985361155,,POINT (-1223508.7254816233 -748560.3985361155)
57,144905,,-121.4688,-76.85451,,,2129.0,1683.0,446.0,,,,-1223379.3652663173,-748771.7944920181,,POINT (-1223379.3652663173 -748771.7944920181)
58,144904,,-121.4922,-76.85789,,,2128.0,1407.0,721.0,,,,-1222756.315543881,-749077.0820562361,,POINT (-1222756.315543881 -749077.0820562361)
59,144903,,-121.5023,-76.8595,,,2129.0,1378.0,751.0,,,,-1222473.2019439286,-749200.0447224876,,POINT (-1222473.2019439286 -749200.0447224876)
60,144902,,-121.5139,-76.86121,,,2129.0,1385.0,744.0,,,,-1222161.0851238722,-749349.1761214498,,POINT (-1222161.0851238722 -749349.1761214498)
61,152010,,-121.3803,-76.83791,,,2125.0,1640.0,485.0,,,,-1226093.9325503712,-747832.4140290229,,POINT (-1226093.9325503712 -747832.4140290229)
62,144953,,-120.6803,-76.78641,,,2074.0,2382.0,-308.0,,,,-1240012.7991987949,-735689.1757526814,,POINT (-1240012.7991987949 -735689.1757526814)
63,144952,,-120.6937,-76.78799000000001,,,2076.0,2414.0,-338.0,,,,-1239691.1846108057,-735890.4050895756,,POINT (-1239691.1846108057 -735890.4050895756)
64,144951,,-120.707,-76.7897,,,2077.0,2437.0,-360.0,,,,-1239358.5282194873,-736082.0557516105,,POINT (-1239358.5282194873 -736082.0557516105)
65,144950,,-120.7138,-76.7897,,,2078.0,2450.0,-372.0,,,,-1239271.1595142174,-736229.140598345,,POINT (-1239271.1595142174 -736229.140598345)
66,144949,,-120.7321,-76.7897,,,2080.0,2454.0,-374.0,,,,-1239035.9482144166,-736624.9203646942,,POINT (-1239035.9482144166 -736624.9203646942)
67,144948,,-120.7538,-76.7897,,,2080.0,2459.0,-379.0,,,,-1238756.8726510121,-737094.1355958373,,POINT (-1238756.8726510121 -737094.1355958373)
68,144947,,-120.7621,-76.7914,,,2081.0,2454.0,-373.0,,,,-1238489.319527095,-737177.8871850653,,POINT (-1238489.319527095 -737177.8871850653)
69,144946,,-120.7739,-76.793,,,2081.0,2443.0,-362.0,,,,-1238186.1850495653,-737342.8450680509,,POINT (-1238186.1850495653 -737342.8450680509)
70,144945,,-120.7939,-76.7964,,,2080.0,2419.0,-339.0,,,,-1237607.311362184,-737583.4520117234,,POINT (-1237607.311362184 -737583.4520117234)
71,144944,,-120.819,-76.798,,,2078.0,2363.0,-285.0,,,,-1237132.8589527905,-738035.3391956872,,POINT (-1237132.8589527905 -738035.3391956872)
72,144943,,-120.8591,-76.798,,,2073.0,1909.0,164.0,,,,-1236616.022022635,-738900.9992409751,,POINT (-1236616.022022635 -738900.9992409751)
73,144942,,-120.8808,-76.7997,,,2071.0,1776.0,295.0,,,,-1236175.5228175276,-739273.2766132425,,POINT (-1236175.5228175276 -739273.2766132425)
74,144941,,-120.8858,-76.7997,,,2069.0,1662.0,407.0,,,,-1236111.0043468575,-739381.1504631903,,POINT (-1236111.0043468575 -739381.1504631903)
75,144940,,-120.9259,-76.8013,,,2068.0,1630.0,438.0,,,,-1235442.1804608717,-740155.6034967288,,POINT (-1235442.1804608717 -740155.6034967288)
76,144939,,-120.9326,-76.8013,,,2069.0,1720.0,349.0,,,,-1235355.6203940513,-740300.0674120922,,POINT (-1235355.6203940513 -740300.0674120922)
77,144938,,-120.9442,-76.80299000000001,,,2071.0,1815.0,256.0,,,,-1235046.2047061964,-740454.5278012874,,POINT (-1235046.2047061964 -740454.5278012874)
78,144937,,-120.9726,-76.80299000000001,,,2077.0,1945.0,132.0,,,,-1234679.029307614,-741066.616498554,,POINT (-1234679.029307614 -741066.616498554)
79,144936,,-120.991,-76.8029,,,2082.0,1980.0,102.0,,,,-1234449.4695490096,-741468.1835941881,,POINT (-1234449.4695490096 -741468.1835941881)
80,144935,,-121.0094,-76.8046,,,2086.0,2067.0,19.0,,,,-1234050.9460398646,-741768.1967717883,,POINT (-1234050.9460398646 -741768.1967717883)
81,144934,,-121.0211,-76.8046,,,2090.0,2196.0,-106.0,,,,-1233899.4486328766,-742020.1788546172,,POINT (-1233899.4486328766 -742020.1788546172)
82,144933,,-121.0295,-76.808,,,2094.0,2402.0,-308.0,,,,-1233470.0300932026,-742008.1976457683,,POINT (-1233470.0300932026 -742008.1976457683)
83,144932,,-121.0479,-76.808,,,2098.0,2471.0,-373.0,,,,-1233231.6775479186,-742404.2766606305,,POINT (-1233231.6775479186 -742404.2766606305)
84,144931,,-121.0578,-76.808,,,2101.0,2482.0,-381.0,,,,-1233103.3808889645,-742617.3527139351,,POINT (-1233103.3808889645 -742617.3527139351)
85,144930,,-121.0746,-76.808,,,2104.0,2465.0,-361.0,,,,-1232885.581103411,-742978.8855808439,,POINT (-1232885.581103411 -742978.8855808439)
86,144929,,-121.093,-76.8096,,,2106.0,2447.0,-341.0,,,,-1232496.138540061,-743283.8466797139,,POINT (-1232496.138540061 -743283.8466797139)
87,144928,,-121.1046,-76.8096,,,2107.0,2433.0,-326.0,,,,-1232345.629376843,-743533.3603860328,,POINT (-1232345.629376843 -743533.3603860328)
88,144927,,-121.1146,-76.8096,,,2109.0,2433.0,-324.0,,,,-1232215.8395554333,-743748.433947832,,POINT (-1232215.8395554333 -743748.433947832)
89,144982,,-118.3299,-76.63181,,,1754.0,475.0,1279.0,,,,-1284119.1974562746,-692291.5978898688,,POINT (-1284119.1974562746 -692291.5978898688)
90,144981,,-118.3382,-76.63181,,,1757.0,500.0,1257.0,,,,-1284018.8970104777,-692477.6111215804,,POINT (-1284018.8970104777 -692477.6111215804)
91,144980,,-118.3566,-76.6351,,,1759.0,559.0,1200.0,,,,-1283477.7282794195,-692717.9066718381,,POINT (-1283477.7282794195 -692717.9066718381)
92,144979,,-118.38,-76.64010999999999,,,1762.0,596.0,1166.0,,,,-1282709.4759128292,-692979.8837936444,,POINT (-1282709.4759128292 -692979.8837936444)
93,144978,,-118.395,-76.6418,,,1762.0,636.0,1126.0,,,,-1282364.3525966483,-693227.2016917078,,POINT (-1282364.3525966483 -693227.2016917078)
94,144977,,-118.4083,-76.6418,,,1763.0,687.0,1076.0,,,,-1282203.4000568958,-693524.8566983537,,POINT (-1282203.4000568958 -693524.8566983537)
95,144976,,-118.4151,-76.6434,,,1765.0,716.0,1049.0,,,,-1281966.1695787075,-693593.2132597929,,POINT (-1281966.1695787075 -693593.2132597929)
96,144975,,-118.4368,-76.6451,,,1768.0,777.0,991.0,,,,-1281538.8286064146,-693989.5769120497,,POINT (-1281538.8286064146 -693989.5769120497)
97,144974,,-118.4501,-76.6451,,,1772.0,732.0,1040.0,,,,-1281377.6991196678,-694287.0402702716,,POINT (-1281377.6991196678 -694287.0402702716)
98,144973,,-118.4652,-76.64841,,,1776.0,726.0,1050.0,,,,-1280874.3585491052,-694451.0485223588,,POINT (-1280874.3585491052 -694451.0485223588)
99,144972,,-118.4836,-76.6501,,,1781.0,728.0,1053.0,,,,-1280487.7581068042,-694773.6310150921,,POINT (-1280487.7581068042 -694773.6310150921)
100,144971,,-118.4952,-76.6501,,,1787.0,741.0,1046.0,,,,-1280347.0692505636,-695032.8620121334,,POINT (-1280347.0692505636 -695032.8620121334)
101,144970,,-118.4986,-76.6517,,,1795.0,799.0,996.0,,,,-1280151.0354869114,-695024.8002931393,,POINT (-1280151.0354869114 -695024.8002931393)
102,144969,,-118.5403,-76.6534,,,1807.0,855.0,952.0,,,,-1279480.4597571832,-695866.9034345148,,POINT (-1279480.4597571832 -695866.9034345148)
103,144968,,-118.5654,-76.65511,,,1817.0,863.0,954.0,,,,-1279010.170110646,-696337.3407904191,,POINT (-1279010.170110646 -696337.3407904191)
104,144967,,-118.5788,-76.65511,,,1819.0,924.0,895.0,,,,-1278847.2798504164,-696636.449121582,,POINT (-1278847.2798504164 -696636.449121582)
105,144966,,-118.6021,-76.65669,,,1826.0,1148.0,678.0,,,,-1278411.1778115148,-697073.1872235727,,POINT (-1278411.1778115148 -697073.1872235727)
106,144965,,-118.6239,-76.66,,,1830.0,1294.0,536.0,,,,-1277826.0307798006,-697384.9983575835,,POINT (-1277826.0307798006 -697384.9983575835)
107,144964,,-118.6339,-76.6617,,,1834.0,1222.0,612.0,,,,-1277540.0475477492,-697518.3339012194,,POINT (-1277540.0475477492 -697518.3339012194)
108,144963,,-118.6673,-76.66341,,,1839.0,1176.0,663.0,,,,-1276968.0590655426,-698172.6444514446,,POINT (-1276968.0590655426 -698172.6444514446)
109,144962,,-118.674,-76.66341,,,1841.0,1157.0,684.0,,,,-1276886.4080785885,-698321.9645679941,,POINT (-1276886.4080785885 -698321.9645679941)
110,144961,,-118.689,-76.6651,,,1843.0,1160.0,683.0,,,,-1276540.3499902622,-698566.9232876129,,POINT (-1276540.3499902622 -698566.9232876129)
111,144960,,-118.7174,-76.66499,,,1849.0,1278.0,571.0,,,,-1276204.5512694872,-699205.402712837,,POINT (-1276204.5512694872 -699205.402712837)
112,144959,,-118.7374,-76.6667,,,1852.0,1308.0,544.0,,,,-1275795.3563408973,-699560.3380648794,,POINT (-1275795.3563408973 -699560.3380648794)
113,144958,,-118.7608,-76.6684,,,1858.0,1170.0,688.0,,,,-1275345.498628045,-699991.2845959692,,POINT (-1275345.498628045 -699991.2845959692)
114,144957,,-118.7742,-76.6684,,,1860.0,1231.0,629.0,,,,-1275181.7539051557,-700289.5357553925,,POINT (-1275181.7539051557 -700289.5357553925)
115,144956,,-118.7993,-76.67171,,,1860.0,1356.0,504.0,,,,-1274555.562687973,-700672.5723507003,,POINT (-1274555.562687973 -700672.5723507003)
116,144955,,-118.8026,-76.6734,,,1861.0,1545.0,316.0,,,,-1274352.1906991727,-700656.3529634472,,POINT (-1274352.1906991727 -700656.3529634472)
117,144954,,-118.8227,-76.67329000000001,,,1862.0,1456.0,406.0,,,,-1274116.9225233546,-701109.2042812791,,POINT (-1274116.9225233546 -701109.2042812791)
118,145010,,-117.8286,-76.6035,,,1596.0,1121.0,475.0,,,,-1292883.2121146307,-682484.9658201317,,POINT (-1292883.2121146307 -682484.9658201317)
119,145009,,-117.8503,-76.6035,,,1602.0,929.0,673.0,,,,-1292624.6374628372,-682974.5788551874,,POINT (-1292624.6374628372 -682974.5788551874)
120,145008,,-117.8654,-76.6035,,,1608.0,774.0,834.0,,,,-1292444.598232633,-683315.2195272982,,POINT (-1292444.598232633 -683315.2195272982)
121,145007,,-117.8671,-76.6035,,,1615.0,662.0,953.0,,,,-1292424.3232930412,-683353.5668297022,,POINT (-1292424.3232930412 -683353.5668297022)
122,145006,,-117.9021,-76.6035,,,1624.0,540.0,1084.0,,,,-1292006.6452414708,-684142.9363738488,,POINT (-1292006.6452414708 -684142.9363738488)
123,145005,,-117.9072,-76.60519000000001,,,1629.0,629.0,1000.0,,,,-1291781.3265700554,-684170.8568391802,,POINT (-1291781.3265700554 -684170.8568391802)
124,145004,,-117.9255,-76.6035,,,1631.0,765.0,866.0,,,,-1291727.1287032869,-684670.5439189812,,POINT (-1291727.1287032869 -684670.5439189812)
125,145003,,-117.964,-76.60519000000001,,,1640.0,1040.0,600.0,,,,-1291102.4411831733,-685451.1240008291,,POINT (-1291102.4411831733 -685451.1240008291)
126,145002,,-117.9774,-76.60519000000001,,,1643.0,888.0,755.0,,,,-1290942.0965965835,-685753.0606989422,,POINT (-1290942.0965965835 -685753.0606989422)
127,145001,,-118.0041,-76.60519000000001,,,1648.0,647.0,1001.0,,,,-1290622.3935164697,-686354.5689925641,,POINT (-1290622.3935164697 -686354.5689925641)
128,145000,,-118.0224,-76.60519000000001,,,1651.0,586.0,1065.0,,,,-1290403.1092985647,-686766.7526429525,,POINT (-1290403.1092985647 -686766.7526429525)
129,144999,,-118.0308,-76.60519000000001,,,1655.0,575.0,1080.0,,,,-1290302.4101664636,-686955.928238315,,POINT (-1290302.4101664636 -686955.928238315)
130,144998,,-118.0592,-76.6051,,,1663.0,685.0,978.0,,,,-1289970.4893924363,-687600.0731797419,,POINT (-1289970.4893924363 -687600.0731797419)
131,144997,,-118.0642,-76.6051,,,1667.0,657.0,1010.0,,,,-1289910.4800545992,-687712.6417228793,,POINT (-1289910.4800545992 -687712.6417228793)
132,144996,,-118.0826,-76.6068,,,1671.0,647.0,1024.0,,,,-1289524.4409148172,-688038.7473163788,,POINT (-1289524.4409148172 -688038.7473163788)
133,144995,,-118.0993,-76.6068,,,1673.0,697.0,976.0,,,,-1289323.8434986256,-688414.5757545342,,POINT (-1289323.8434986256 -688414.5757545342)
134,144994,,-118.1059,-76.6068,,,1675.0,793.0,882.0,,,,-1289244.535278322,-688563.09063175,,POINT (-1289244.535278322 -688563.09063175)
135,144993,,-118.1227,-76.6068,,,1675.0,913.0,762.0,,,,-1289042.5826166146,-688941.0872683177,,POINT (-1289042.5826166146 -688941.0872683177)
136,144992,,-118.1478,-76.6068,,,1680.0,1075.0,605.0,,,,-1288740.6492477267,-689505.721877572,,POINT (-1288740.6492477267 -689505.721877572)
137,144991,,-118.1578,-76.60851,,,1684.0,950.0,734.0,,,,-1288454.313696217,-689641.8016474573,,POINT (-1288454.313696217 -689641.8016474573)
138,144990,,-118.1745,-76.61010999999999,,,1684.0,869.0,815.0,,,,-1288097.9760711475,-689934.1504016179,,POINT (-1288097.9760711475 -689934.1504016179)
139,144989,,-118.1845,-76.61010999999999,,,1689.0,785.0,904.0,,,,-1287977.5402274397,-690158.9553998862,,POINT (-1287977.5402274397 -690158.9553998862)
140,144988,,-118.2028,-76.6151,,,1690.0,656.0,1034.0,,,,-1287272.9146486758,-690310.6773466808,,POINT (-1287272.9146486758 -690310.6773466808)
141,144987,,-118.2263,-76.61681,,,1702.0,655.0,1047.0,,,,-1286823.8083826315,-690749.5629950034,,POINT (-1286823.8083826315 -690749.5629950034)
142,144986,,-118.2413,-76.6201,,,1709.0,698.0,1011.0,,,,-1286323.8516827486,-690915.0463678429,,POINT (-1286323.8516827486 -690915.0463678429)
143,144985,,-118.2647,-76.6201,,,1726.0,518.0,1208.0,,,,-1286041.5698411455,-691440.3324553339,,POINT (-1286041.5698411455 -691440.3324553339)
144,144984,,-118.2798,-76.6218,,,1735.0,423.0,1312.0,,,,-1285694.48861438,-691690.5711925211,,POINT (-1285694.48861438 -691690.5711925211)
145,144983,,-118.2998,-76.6235,,,1741.0,316.0,1425.0,,,,-1285288.1851237903,-692050.5971470987,,POINT (-1285288.1851237903 -692050.5971470987)
146,152011,,-118.3031,-76.6284,,,1744.0,331.0,1413.0,,,,-1284773.3885600425,-691868.8638908645,,POINT (-1284773.3885600425 -691868.8638908645)
147,18147,,-128.405,-75.8,,,1892.0,326.0,1566.0,,,,-1215026.0180007974,-963190.4068055454,,POINT (-1215026.0180007974 -963190.4068055454)
148,18148,,-128.7167,-75.81333000000001,,,2021.0,87.0,1934.0,,,,-1208621.2469556048,-968866.7242446962,,POINT (-1208621.2469556048 -968866.7242446962)
149,18149,,-128.8917,-75.84333000000001,,,1932.0,815.0,1117.0,,,,-1203081.7083016955,-970476.8411915656,,POINT (-1203081.7083016955 -970476.8411915656)
150,18150,,-129.0583,-75.87334,,,1894.0,1275.0,619.0,,,,-1197685.4363914647,-971886.0329069005,,POINT (-1197685.4363914647 -971886.0329069005)
151,18151,,-129.2667,-75.885,,,1891.0,1596.0,295.0,,,,-1193147.2347467006,-975422.2344241146,,POINT (-1193147.2347467006 -975422.2344241146)
152,18152,,-129.4333,-75.91666,,,1888.0,1546.0,342.0,,,,-1187610.051728145,-976670.3882646175,,POINT (-1187610.051728145 -976670.3882646175)
153,18153,,-129.6167,-75.94833,,,1846.0,1705.0,141.0,,,,-1181788.2634879975,-978240.6104973387,,POINT (-1181788.2634879975 -978240.6104973387)
154,18154,,-129.7833,-75.97667,,,1842.0,1737.0,105.0,,,,-1176538.1101172953,-979673.7642865707,,POINT (-1176538.1101172953 -979673.7642865707)
155,18155,,-130.0,-75.99834,,,1838.0,1542.0,296.0,,,,-1170994.6506836293,-982581.1794992012,,POINT (-1170994.6506836293 -982581.1794992012)
156,18156,,-130.1333,-76.03333,,,1874.0,1370.0,504.0,,,,-1165756.898958145,-982816.9945210476,,POINT (-1165756.898958145 -982816.9945210476)
157,18157,,-130.495,-76.08334,,,1893.0,1378.0,515.0,,,,-1155337.8959100775,-986577.4276480954,,POINT (-1155337.8959100775 -986577.4276480954)
158,18158,,-130.6667,-76.11166,,,1896.0,1401.0,495.0,,,,-1150008.927486631,-988001.4403290766,,POINT (-1150008.927486631 -988001.4403290766)
159,18159,,-131.0317,-76.16333,,,1908.0,2104.0,-196.0,,,,-1139396.5828718352,-991569.627092193,,POINT (-1139396.5828718352 -991569.627092193)
160,1465443,,-128.6167,-75.805,,,1928.0,234.0,1694.0,,,,-1211028.08524185,-967329.0734396126,,POINT (-1211028.08524185 -967329.0734396126)
161,1465444,,-130.315,-76.04333000000001,,,1879.0,1488.0,391.0,,,,-1161793.8730064442,-985795.880783313,,POINT (-1161793.8730064442 -985795.880783313)
162,1465445,,-130.85,-76.14,,,1903.0,1810.0,93.0,,,,-1144479.954378512,-989632.7987207298,,POINT (-1144479.954378512 -989632.7987207298)
163,1465446,,-131.2083,-76.19,,,1942.0,2120.0,-178.0,,,,-1134124.1148247493,-993140.8488933366,,POINT (-1134124.1148247493 -993140.8488933366)
164,18146,,-128.0667,-75.79166,,,1964.0,710.0,1254.0,,,,-1221415.9607399132,-956566.6458052138,,POINT (-1221415.9607399132 -956566.6458052138)
165,18145,,-127.8,-75.8,,,1954.0,869.0,1085.0,,,,-1225128.6539683721,-950307.195283057,,POINT (-1225128.6539683721 -950307.195283057)
166,18144,,-127.4,-75.81667,,,1988.0,762.0,1226.0,,,,-1230272.8631019976,-940614.6286831,,POINT (-1230272.8631019976 -940614.6286831)
167,18143,,-127.2083,-75.8,,,2023.0,831.0,1192.0,,,,-1234877.0805375231,-937604.7035634099,,POINT (-1234877.0805375231 -937604.7035634099)
168,18142,,-126.825,-75.77167,,,1908.0,1153.0,755.0,,,,-1243622.5497431906,-931195.1231803602,,POINT (-1243622.5497431906 -931195.1231803602)
169,18141,,-126.4167,-75.75667,,,1826.0,1397.0,429.0,,,,-1251557.936466119,-923291.2889510032,,POINT (-1251557.936466119 -923291.2889510032)
170,18140,,-126.2267,-75.74167,,,1795.0,1665.0,130.0,,,,-1255947.2467190775,-920113.5199144406,,POINT (-1255947.2467190775 -920113.5199144406)
171,18139,,-125.8367,-75.72,,,1673.0,1926.0,-253.0,,,,-1264118.5921661458,-912942.547335324,,POINT (-1264118.5921661458 -912942.547335324)
172,18138,,-125.635,-75.71167,,,1647.0,1955.0,-308.0,,,,-1268071.2932885103,-909022.0485001884,,POINT (-1268071.2932885103 -909022.0485001884)
173,18137,,-125.3417,-75.78333,,,1763.0,1501.0,262.0,,,,-1266261.4880699727,-897947.421279401,,POINT (-1266261.4880699727 -897947.421279401)
174,18136,,-125.0633,-75.85667,,,1818.0,1707.0,111.0,,,,-1263990.3626122102,-887138.3058050112,,POINT (-1263990.3626122102 -887138.3058050112)
175,18135,,-124.91,-75.89,,,1937.0,1693.0,244.0,,,,-1263345.959175112,-881650.1899252487,,POINT (-1263345.959175112 -881650.1899252487)
176,18134,,-124.6317,-75.965,,,1981.0,1629.0,352.0,,,,-1260810.2536943587,-870804.6664823096,,POINT (-1260810.2536943587 -870804.6664823096)
177,18133,,-124.3083,-76.01334,,,2074.0,763.0,1311.0,,,,-1261303.9677080228,-860670.9962104616,,POINT (-1261303.9677080228 -860670.9962104616)
178,18132,,-124.095,-76.03166999999999,,,2072.0,491.0,1581.0,,,,-1262826.2613964546,-854836.9470171132,,POINT (-1262826.2613964546 -854836.9470171132)
179,18131,,-123.7,-76.01666999999999,,,2074.0,852.0,1222.0,,,,-1270064.9572156188,-847028.0334731555,,POINT (-1270064.9572156188 -847028.0334731555)
180,18130,,-123.5,-76.01167,,,2034.0,1270.0,764.0,,,,-1273473.4608281692,-842893.6962880723,,POINT (-1273473.4608281692 -842893.6962880723)
181,18129,,-123.2917,-76.01666999999999,,,2031.0,1306.0,725.0,,,,-1276068.7314399113,-837955.8924417486,,POINT (-1276068.7314399113 -837955.8924417486)
182,18128,,-123.0833,-76.01666999999999,,,1970.0,1232.0,738.0,,,,-1279108.1523344219,-833308.9581110558,,POINT (-1279108.1523344219 -833308.9581110558)
183,18127,,-122.89,-76.015,,,1921.0,1967.0,-46.0,,,,-1282066.7858936337,-829088.8242970901,,POINT (-1282066.7858936337 -829088.8242970901)
184,18126,,-122.6817,-76.015,,,1930.0,1941.0,-11.0,,,,-1285072.4764096146,-824422.3750241278,,POINT (-1285072.4764096146 -824422.3750241278)
185,18125,,-122.475,-76.01167,,,1918.0,1940.0,-22.0,,,,-1288347.9335825348,-819978.0733101686,,POINT (-1288347.9335825348 -819978.0733101686)
186,18124,,-122.2833,-76.00667,,,1880.0,2279.0,-399.0,,,,-1291550.1185672903,-815957.295640666,,POINT (-1291550.1185672903 -815957.295640666)
187,18123,,-122.0667,-76.0,,,1869.0,2432.0,-563.0,,,,-1295248.540513373,-811459.2421277023,,POINT (-1295248.540513373 -811459.2421277023)
188,18122,,-121.675,-75.99,,,1836.0,2687.0,-851.0,,,,-1301703.80201403,-803164.2381340323,,POINT (-1301703.80201403 -803164.2381340323)
189,18121,,-121.475,-75.98666,,,1825.0,2742.0,-917.0,,,,-1304813.4300159884,-798807.7769318013,,POINT (-1304813.4300159884 -798807.7769318013)
190,1465432,,-121.8833,-75.99333,,,1862.0,2558.0,-696.0,,,,-1298463.6096888175,-807697.4160017358,,POINT (-1298463.6096888175 -807697.4160017358)
191,1465433,,-123.8917,-76.01666999999999,,,2075.0,1005.0,1070.0,,,,-1267223.8705771305,-851272.6630616235,,POINT (-1267223.8705771305 -851272.6630616235)
192,1465434,,-124.4783,-76.0,,,2026.0,1069.0,957.0,,,,-1259956.8517441016,-865241.9401991445,,POINT (-1259956.8517441016 -865241.9401991445)
193,1465435,,-124.7667,-75.92667,,,1958.0,1932.0,26.0,,,,-1262226.050787688,-876182.4335907378,,POINT (-1262226.050787688 -876182.4335907378)
194,1465436,,-125.2033,-75.81834,,,1804.0,1946.0,-142.0,,,,-1265272.2991010214,-892660.5659120382,,POINT (-1265272.2991010214 -892660.5659120382)
195,1465437,,-125.4967,-75.745,,,1653.0,1733.0,-80.0,,,,-1267269.0771137557,-903824.126842373,,POINT (-1267269.0771137557 -903824.126842373)
196,1465438,,-126.025,-75.73333000000001,,,1732.0,1887.0,-155.0,,,,-1259922.440057241,-916227.4365234887,,POINT (-1259922.440057241 -916227.4365234887)
197,1465439,,-126.6283,-75.76,,,1899.0,1309.0,590.0,,,,-1247844.8734978156,-927688.0322628375,,POINT (-1247844.8734978156 -927688.0322628375)
198,1465440,,-127.02,-75.78333,,,1986.0,1190.0,796.0,,,,-1239419.5026897402,-934648.074894409,,POINT (-1239419.5026897402 -934648.074894409)
199,1465441,,-127.6,-75.80833,,,1954.0,1000.0,954.0,,,,-1227710.6261354533,-945464.4617523089,,POINT (-1227710.6261354533 -945464.4617523089)
200,1465442,,-128.2,-75.79666999999999,,,2003.0,489.0,1514.0,,,,-1218753.0252774707,-959064.0601924241,,POINT (-1218753.0252774707 -959064.0601924241)
201,18080,,-116.2817,-75.34,,,1128.0,792.0,336.0,,,,-1435717.0766347894,-709005.0943576182,,POINT (-1435717.0766347894 -709005.0943576182)
202,18079,,-116.2983,-75.39166999999999,,,1141.0,989.0,152.0,,,,-1430398.9198920466,-706894.3720219,,POINT (-1430398.9198920466 -706894.3720219)
203,18078,,-116.3333,-75.44334,,,1103.0,1147.0,-44.0,,,,-1424856.2677909909,-705238.5241847045,,POINT (-1424856.2677909909 -705238.5241847045)
204,18077,,-116.35,-75.49167,,,1057.0,1801.0,-744.0,,,,-1419871.6373440947,-703286.6697781724,,POINT (-1419871.6373440947 -703286.6697781724)
205,18076,,-116.3683,-75.54166,,,1069.0,1391.0,-322.0,,,,-1414705.0796946161,-701290.3811359593,,POINT (-1414705.0796946161 -701290.3811359593)
206,18075,,-116.45,-75.58833,,,1116.0,1420.0,-304.0,,,,-1409093.7342287777,-701013.5461025169,,POINT (-1409093.7342287777 -701013.5461025169)
207,18074,,-116.5417,-75.63167,,,1110.0,1339.0,-229.0,,,,-1403692.8164121774,-701131.4514592864,,POINT (-1403692.8164121774 -701131.4514592864)
208,18106,,-116.8333,-75.61667,,,1182.0,1033.0,149.0,,,,-1401582.8309656554,-709013.1792132601,,POINT (-1401582.8309656554 -709013.1792132601)
209,18073,,-116.6333,-75.67667,,,1160.0,1095.0,65.0,,,,-1398133.0877004527,-701149.5473564927,,POINT (-1398133.0877004527 -701149.5473564927)
210,18107,,-117.025,-75.64166999999999,,,1232.0,996.0,236.0,,,,-1396746.1439370632,-712445.5449597108,,POINT (-1396746.1439370632 -712445.5449597108)
211,18108,,-117.3917,-75.675,,,1387.0,1033.0,354.0,,,,-1388893.607049562,-719678.826158385,,POINT (-1388893.607049562 -719678.826158385)
212,18072,,-116.815,-75.74834,,,1280.0,449.0,831.0,,,,-1388847.9760989933,-702014.031673591,,POINT (-1388847.9760989933 -702014.031673591)
213,18071,,-116.785,-75.81667,,,1612.0,866.0,746.0,,,,-1382488.7724332619,-697891.1028762332,,POINT (-1382488.7724332619 -697891.1028762332)
214,18109,,-117.775,-75.71167,,,1475.0,1377.0,98.0,,,,-1380469.4851241005,-727069.3846965882,,POINT (-1380469.4851241005 -727069.3846965882)
215,18070,,-116.8,-75.865,,,1602.0,1277.0,325.0,,,,-1377549.4920316217,-695850.3197174714,,POINT (-1377549.4920316217 -695850.3197174714)
216,18110,,-117.9667,-75.72833,,,1496.0,1378.0,118.0,,,,-1376406.2925832712,-730822.403872821,,POINT (-1376406.2925832712 -730822.403872821)
217,18111,,-118.3567,-75.75833,,,1553.0,1563.0,-10.0,,,,-1368488.3777795339,-738602.8927483516,,POINT (-1368488.3777795339 -738602.8927483516)
218,18112,,-118.5567,-75.77665999999999,,,1578.0,1574.0,4.0,,,,-1364126.3506126017,-742409.0230992374,,POINT (-1364126.3506126017 -742409.0230992374)
219,18113,,-118.9333,-75.80666,,,1626.0,1573.0,53.0,,,,-1356321.8680936329,-749758.7339280399,,POINT (-1356321.8680936329 -749758.7339280399)
220,18114,,-119.3083,-75.845,,,1655.0,1854.0,-199.0,,,,-1347699.2768841092,-756550.2950402618,,POINT (-1347699.2768841092 -756550.2950402618)
221,18115,,-119.4917,-75.87,,,1658.0,1902.0,-244.0,,,,-1342871.4325084053,-759503.3213801269,,POINT (-1342871.4325084053 -759503.3213801269)
222,18116,,-119.8833,-75.90334,,,1707.0,1505.0,202.0,,,,-1334462.0845516617,-766832.2536058464,,POINT (-1334462.0845516617 -766832.2536058464)
223,18117,,-120.075,-75.92166999999999,,,1712.0,1746.0,-34.0,,,,-1330140.2256935595,-770280.1071618979,,POINT (-1330140.2256935595 -770280.1071618979)
224,18118,,-120.4833,-75.95,,,1766.0,2074.0,-308.0,,,,-1321925.9401702455,-778154.9847794131,,POINT (-1321925.9401702455 -778154.9847794131)
225,18119,,-120.8917,-75.975,,,1808.0,2508.0,-700.0,,,,-1313980.8837000723,-786142.8323632795,,POINT (-1313980.8837000723 -786142.8323632795)
226,18120,,-121.0833,-75.98666,,,1825.0,2740.0,-915.0,,,,-1310243.9091551604,-789868.8816244245,,POINT (-1310243.9091551604 -789868.8816244245)
227,1465409,,-116.7733,-75.815,,,1603.0,219.0,1384.0,,,,-1382795.660161376,-697691.7299169509,,POINT (-1382795.660161376 -697691.7299169509)
228,1465410,,-116.735,-75.72,,,1240.0,766.0,474.0,,,,-1392618.1940259167,-701480.2031869631,,POINT (-1392618.1940259167 -701480.2031869631)
229,1465422,,-116.6483,-75.605,,,1110.0,870.0,240.0,,,,-1405015.4463591669,-705061.3798586983,,POINT (-1405015.4463591669 -705061.3798586983)
230,1465423,,-117.2083,-75.66,,,1322.0,886.0,436.0,,,,-1392661.5800011533,-715985.8812419927,,POINT (-1392661.5800011533 -715985.8812419927)
231,1465424,,-117.5917,-75.69167,,,1423.0,1105.0,318.0,,,,-1384743.4451464463,-723670.9762244903,,POINT (-1384743.4451464463 -723670.9762244903)
232,1465425,,-118.1583,-75.74167,,,1533.0,1391.0,142.0,,,,-1372657.6048637535,-734726.8035673376,,POINT (-1372657.6048637535 -734726.8035673376)
233,1465426,,-118.75,-75.78667,,,1606.0,1590.0,16.0,,,,-1360646.134479463,-746476.0313263881,,POINT (-1360646.134479463 -746476.0313263881)
234,1465427,,-119.125,-75.82667,,,1638.0,1680.0,-42.0,,,,-1351878.284147301,-753218.594741414,,POINT (-1351878.284147301 -753218.594741414)
235,1465428,,-119.675,-75.89166999999999,,,1684.0,1777.0,-93.0,,,,-1338358.9515286249,-762612.7002227473,,POINT (-1338358.9515286249 -762612.7002227473)
236,1465429,,-120.2833,-75.935,,,1714.0,1980.0,-266.0,,,,-1326062.0827184,-774369.7170881962,,POINT (-1326062.0827184 -774369.7170881962)
237,1465430,,-120.6833,-75.96,,,1769.0,2134.0,-365.0,,,,-1318253.5950997372,-782202.10506931,,POINT (-1318253.5950997372 -782202.10506931)
238,1465431,,-121.2667,-75.98333000000001,,,1826.0,2795.0,-969.0,,,,-1308022.631857776,-794249.344633909,,POINT (-1308022.631857776 -794249.344633909)
239,144846,,-122.3996,-77.0193,,,2164.0,2438.0,-274.0,,,,-1195746.4232708882,-758832.0453031984,,POINT (-1195746.4232708882 -758832.0453031984)
240,144845,,-122.4014,-77.0193,,,2163.0,2445.0,-282.0,,,,-1195722.5832690268,-758869.6104105125,,POINT (-1195722.5832690268 -758869.6104105125)
241,144844,,-122.4114,-77.0226,,,2161.0,2427.0,-266.0,,,,-1195283.6594996818,-758883.7222184595,,POINT (-1195283.6594996818 -758883.7222184595)
242,144843,,-122.4181,-77.0242,,,2160.0,2399.0,-239.0,,,,-1195046.3358108345,-758929.1362804658,,POINT (-1195046.3358108345 -758929.1362804658)
243,144842,,-122.4248,-77.02589,,,2159.0,2380.0,-221.0,,,,-1194800.6616793603,-758969.1971565688,,POINT (-1194800.6616793603 -758969.1971565688)
244,144841,,-122.4347,-77.02589,,,2157.0,2379.0,-222.0,,,,-1194669.5033813207,-759175.6325597866,,POINT (-1194669.5033813207 -759175.6325597866)
245,144840,,-122.4448,-77.02920999999999,,,2155.0,2392.0,-237.0,,,,-1194227.4615609006,-759190.288985454,,POINT (-1194227.4615609006 -759190.288985454)
246,144839,,-122.4515,-77.02920999999999,,,2154.0,2362.0,-208.0,,,,-1194138.675915719,-759329.9332426337,,POINT (-1194138.675915719 -759329.9332426337)
247,144838,,-122.4615,-77.0309,,,2151.0,2288.0,-137.0,,,,-1193849.276013478,-759438.5595141379,,POINT (-1193849.276013478 -759438.5595141379)
248,144837,,-122.4682,-77.03419,,,2149.0,2210.0,-61.0,,,,-1193455.1313752842,-759383.8810624719,,POINT (-1193455.1313752842 -759383.8810624719)
249,144836,,-122.4883,-77.03419,,,2145.0,2030.0,115.0,,,,-1193188.6575872689,-759802.5117282717,,POINT (-1193188.6575872689 -759802.5117282717)
250,144835,,-122.5016,-77.0376,,,2143.0,1899.0,244.0,,,,-1192695.9062418463,-759877.9169064142,,POINT (-1192695.9062418463 -759877.9169064142)
251,144834,,-122.5066,-77.0376,,,2141.0,1808.0,333.0,,,,-1192629.589842665,-759981.9963655763,,POINT (-1192629.589842665 -759981.9963655763)
252,144833,,-122.5217,-77.0392,,,2138.0,1689.0,449.0,,,,-1192280.8603939791,-760201.6617052275,,POINT (-1192280.8603939791 -760201.6617052275)
253,144832,,-122.5284,-77.04089,,,2137.0,1685.0,452.0,,,,-1192035.222448822,-760241.1184717705,,POINT (-1192035.222448822 -760241.1184717705)
254,144831,,-122.5551,-77.0475,,,2140.0,2322.0,-182.0,,,,-1191067.9806795057,-760405.2780117324,,POINT (-1191067.9806795057 -760405.2780117324)
255,144830,,-122.5618,-77.0475,,,2142.0,2245.0,-103.0,,,,-1190979.0529786814,-760544.5528002015,,POINT (-1190979.0529786814 -760544.5528002015)
256,144829,,-122.5702,-77.04919,,,2144.0,2183.0,-39.0,,,,-1190710.8799212445,-760619.0786839948,,POINT (-1190710.8799212445 -760619.0786839948)
257,144828,,-122.5868,-77.05251,,,2149.0,1912.0,237.0,,,,-1190182.7629236793,-760767.344528812,,POINT (-1190182.7629236793 -760767.344528812)
258,144827,,-122.5953,-77.0542,,,2152.0,1790.0,362.0,,,,-1189913.2744637427,-760843.763068655,,POINT (-1189913.2744637427 -760843.763068655)
259,144826,,-122.6003,-77.0542,,,2155.0,1687.0,468.0,,,,-1189846.8737891791,-760947.5996937078,,POINT (-1189846.8737891791 -760947.5996937078)
260,144825,,-122.6086,-77.0575,,,2158.0,1589.0,569.0,,,,-1189430.8626482612,-760924.3454995824,,POINT (-1189430.8626482612 -760924.3454995824)
261,144824,,-122.6237,-77.0575,,,2161.0,1517.0,644.0,,,,-1189230.2837528042,-761237.7872907912,,POINT (-1189230.2837528042 -761237.7872907912)
262,144823,,-122.6303,-77.0592,,,2162.0,1491.0,671.0,,,,-1188985.1106633581,-761273.9436747252,,POINT (-1188985.1106633581 -761273.9436747252)
263,144822,,-122.6321,-77.0609,,,2164.0,1493.0,671.0,,,,-1188803.7207256581,-761210.4636869091,,POINT (-1188803.7207256581 -761210.4636869091)
264,144821,,-122.6454,-77.0625,,,2166.0,1528.0,638.0,,,,-1188478.8022388176,-761391.4632955755,,POINT (-1188478.8022388176 -761391.4632955755)
265,144820,,-122.6504,-77.06419,,,2168.0,1513.0,655.0,,,,-1188255.8398668596,-761394.8858227114,,POINT (-1188255.8398668596 -761394.8858227114)
266,144819,,-122.6621,-77.0658,,,2169.0,1521.0,648.0,,,,-1187951.2505916685,-761541.9443181372,,POINT (-1187951.2505916685 -761541.9443181372)
267,144818,,-122.6704,-77.0658,,,2170.0,1561.0,609.0,,,,-1187840.9193885606,-761714.025710632,,POINT (-1187840.9193885606 -761714.025710632)
268,144817,,-122.6755,-77.06911,,,2171.0,1583.0,588.0,,,,-1187466.656635685,-761623.1979551981,,POINT (-1187466.656635685 -761623.1979551981)
269,144816,,-122.6956,-77.0708,,,2173.0,1615.0,558.0,,,,-1187042.964862606,-761939.3165654929,,POINT (-1187042.964862606 -761939.3165654929)
270,144815,,-122.6989,-77.07249,,,2173.0,1667.0,506.0,,,,-1186842.6518491406,-761907.2642872741,,POINT (-1186842.6518491406 -761907.2642872741)
271,144814,,-122.7156,-77.0741,,,2175.0,1745.0,430.0,,,,-1186471.5350104813,-762157.4516152976,,POINT (-1186471.5350104813 -762157.4516152976)
272,144813,,-122.7306,-77.0791,,,2177.0,1936.0,241.0,,,,-1185809.33053293,-762170.6898613723,,POINT (-1185809.33053293 -762170.6898613723)
273,1490638,,-122.7306,-77.0741,,,2176.0,1853.0,323.0,,,,-1186271.9619987828,-762468.0430145323,,POINT (-1186271.9619987828 -762468.0430145323)
274,1490639,,-122.6873,-77.0708,,,2172.0,1587.0,585.0,,,,-1187153.3287102443,-761767.350764184,,POINT (-1187153.3287102443 -761767.350764184)
275,1490640,,-122.5735,-77.0509,,,2146.0,2144.0,2.0,,,,-1190508.5632259704,-760586.3917621883,,POINT (-1190508.5632259704 -760586.3917621883)
276,1490641,,-122.5133,-77.0392,,,2139.0,1729.0,410.0,,,,-1192392.2989648508,-760026.8560324128,,POINT (-1192392.2989648508 -760026.8560324128)
277,1490642,,-122.4749,-77.0343,,,2147.0,2135.0,12.0,,,,-1193356.1152894078,-759516.9381984568,,POINT (-1193356.1152894078 -759516.9381984568)
278,1492114,,-122.744,-77.0808,,,2178.0,2077.0,101.0,,,,-1185473.7760562666,-762346.8629148846,,POINT (-1185473.7760562666 -762346.8629148846)
279,144867,,-122.0637,-76.961,,,2148.0,2427.0,-279.0,,,,-1205609.716392328,-755213.5867466334,,POINT (-1205609.716392328 -755213.5867466334)
280,144866,,-122.0855,-76.96600000000001,,,2147.0,2452.0,-305.0,,,,-1204856.2335813201,-755380.055972762,,POINT (-1204856.2335813201 -755380.055972762)
281,144865,,-122.0938,-76.96600000000001,,,2147.0,2503.0,-356.0,,,,-1204746.7948263232,-755554.5863250908,,POINT (-1204746.7948263232 -755554.5863250908)
282,144864,,-122.1189,-76.96941,,,2147.0,2554.0,-407.0,,,,-1204097.9599684626,-755882.8301563704,,POINT (-1204097.9599684626 -755882.8301563704)
283,144863,,-122.1272,-76.9727,,,2148.0,2569.0,-421.0,,,,-1203681.9315742445,-755864.7701903387,,POINT (-1203681.9315742445 -755864.7701903387)
284,144862,,-122.1389,-76.9727,,,2148.0,2609.0,-461.0,,,,-1203527.5562305097,-756110.5505195755,,POINT (-1203527.5562305097 -756110.5505195755)
285,144861,,-122.2208,-76.9893,,,2159.0,2849.0,-690.0,,,,-1200900.5829897812,-756856.4447192138,,POINT (-1200900.5829897812 -756856.4447192138)
286,144860,,-122.2325,-76.991,,,2161.0,2765.0,-604.0,,,,-1200587.811486742,-757001.9118062498,,POINT (-1200587.811486742 -757001.9118062498)
287,144859,,-122.2375,-76.991,,,2163.0,2714.0,-551.0,,,,-1200521.7460363018,-757106.679975016,,POINT (-1200521.7460363018 -757106.679975016)
288,144858,,-122.2476,-76.99271,,,2164.0,2674.0,-510.0,,,,-1200229.168641488,-757217.9204857128,,POINT (-1200229.168641488 -757217.9204857128)
289,144857,,-122.2626,-76.99600000000001,,,2165.0,2650.0,-485.0,,,,-1199724.8408736545,-757338.9181234975,,POINT (-1199724.8408736545 -757338.9181234975)
290,144856,,-122.2677,-76.99600000000001,,,2167.0,2618.0,-451.0,,,,-1199657.4240268327,-757445.7047809361,,POINT (-1199657.4240268327 -757445.7047809361)
291,144855,,-122.2893,-77.00101,,,2169.0,2547.0,-378.0,,,,-1198905.8813818963,-757603.498663754,,POINT (-1198905.8813818963 -757603.498663754)
292,144854,,-122.291,-77.00101,,,2170.0,2527.0,-357.0,,,,-1198883.402305865,-757639.0705838606,,POINT (-1198883.402305865 -757639.0705838606)
293,144853,,-122.3078,-77.0043,,,2171.0,2499.0,-328.0,,,,-1198355.30929921,-757797.1350031508,,POINT (-1198355.30929921 -757797.1350031508)
294,144852,,-122.3227,-77.0076,,,2171.0,2419.0,-248.0,,,,-1197851.4331051765,-757914.6460500667,,POINT (-1197851.4331051765 -757914.6460500667)
295,144851,,-122.3328,-77.0076,,,2171.0,2396.0,-225.0,,,,-1197717.8106240078,-758125.7894329649,,POINT (-1197717.8106240078 -758125.7894329649)
296,144850,,-122.3479,-77.00929000000001,,,2170.0,2364.0,-194.0,,,,-1197360.9113479515,-758341.9437123466,,POINT (-1197360.9113479515 -758341.9437123466)
297,144849,,-122.3629,-77.0143,,,2169.0,2365.0,-196.0,,,,-1196696.8201523726,-758360.3828427979,,POINT (-1196696.8201523726 -758360.3828427979)
298,144848,,-122.3762,-77.0159,,,2167.0,2372.0,-205.0,,,,-1196372.105434704,-758543.9036721512,,POINT (-1196372.105434704 -758543.9036721512)
299,144847,,-122.3829,-77.01759,,,2165.0,2412.0,-247.0,,,,-1196126.4010039598,-758584.2327866078,,POINT (-1196126.4010039598 -758584.2327866078)
300,1490643,,-122.3762,-77.0159,,,2166.0,2384.0,-218.0,,,,-1196372.105434704,-758543.9036721512,,POINT (-1196372.105434704 -758543.9036721512)
301,1490644,,-122.3461,-77.00929000000001,,,2170.0,2378.0,-208.0,,,,-1197384.734771866,-758304.3271356989,,POINT (-1197384.734771866 -758304.3271356989)
302,1490645,,-122.3194,-77.006,,,2171.0,2455.0,-284.0,,,,-1198043.8247823513,-757939.7541108193,,POINT (-1198043.8247823513 -757939.7541108193)
303,1490646,,-122.2777,-76.9976,,,2168.0,2582.0,-414.0,,,,-1199376.3943370588,-757561.0788384861,,POINT (-1199376.3943370588 -757561.0788384861)
304,1490647,,-122.1055,-76.96941,,,2147.0,2547.0,-400.0,,,,-1204274.7084680651,-755601.202136136,,POINT (-1204274.7084680651 -755601.202136136)
305,1490648,,-122.0754,-76.96271,,,2148.0,2426.0,-278.0,,,,-1205296.0665809207,-755359.8600236165,,POINT (-1205296.0665809207 -755359.8600236165)
306,144894,,-121.6627,-76.8895,,,2153.0,2396.0,-243.0,,,,-1217561.3781140589,-750886.6820215338,,POINT (-1217561.3781140589 -750886.6820215338)
307,144893,,-121.6627,-76.8911,,,2153.0,2465.0,-312.0,,,,-1217411.5349701815,-750794.2717142161,,POINT (-1217411.5349701815 -750794.2717142161)
308,144892,,-121.6827,-76.89281,,,2151.0,2541.0,-390.0,,,,-1216989.2743008803,-751120.3636614038,,POINT (-1216989.2743008803 -751120.3636614038)
309,144891,,-121.6927,-76.89281,,,2149.0,2683.0,-534.0,,,,-1216858.1605314927,-751332.7569180881,,POINT (-1216858.1605314927 -751332.7569180881)
310,144890,,-121.6994,-76.8945,,,2147.0,2661.0,-514.0,,,,-1216612.0853243154,-751377.3384821103,,POINT (-1216612.0853243154 -751377.3384821103)
311,1490654,,-121.7111,-76.89950999999999,,,2145.0,2664.0,-519.0,,,,-1215989.6803740358,-751336.0070102053,,POINT (-1215989.6803740358 -751336.0070102053)
312,144889,,-121.7278,-76.90109,,,2143.0,2265.0,-122.0,,,,-1215622.7733542756,-751598.9781007532,,POINT (-1215622.7733542756 -751598.9781007532)
313,152009,,-121.7312,-76.90109,,,2142.0,2034.0,108.0,,,,-1215578.1704327725,-751671.1132848933,,POINT (-1215578.1704327725 -751671.1132848933)
314,144888,,-121.7445,-76.9028,,,2141.0,1843.0,298.0,,,,-1215243.6530722997,-751854.2738908647,,POINT (-1215243.6530722997 -751854.2738908647)
315,144887,,-121.7546,-76.9061,,,2140.0,1728.0,412.0,,,,-1214802.361667439,-751877.396726352,,POINT (-1214802.361667439 -751877.396726352)
316,1490653,,-121.7612,-76.90939,,,2139.0,1650.0,489.0,,,,-1214407.9660492917,-751826.7852157464,,POINT (-1214407.9660492917 -751826.7852157464)
317,144886,,-121.7746,-76.9111,,,2139.0,1647.0,492.0,,,,-1214072.1544860085,-752011.7109564353,,POINT (-1214072.1544860085 -752011.7109564353)
318,144885,,-121.788,-76.9128,,,2139.0,1677.0,462.0,,,,-1213737.2585972873,-752197.1006620585,,POINT (-1213737.2585972873 -752197.1006620585)
319,144884,,-121.793,-76.9128,,,2139.0,1587.0,552.0,,,,-1213671.6123956488,-752303.0163548536,,POINT (-1213671.6123956488 -752303.0163548536)
320,1490652,,-121.803,-76.91611,,,2140.0,1586.0,554.0,,,,-1213230.7877089574,-752322.9071608722,,POINT (-1213230.7877089574 -752322.9071608722)
321,144883,,-121.8214,-76.9178,,,2141.0,1640.0,501.0,,,,-1212831.1309874312,-752614.4446329247,,POINT (-1212831.1309874312 -752614.4446329247)
322,144882,,-121.8248,-76.9178,,,2142.0,1664.0,478.0,,,,-1212786.4678118457,-752686.4141558848,,POINT (-1212786.4678118457 -752686.4141558848)
323,1490651,,-121.8348,-76.9211,,,2143.0,1686.0,457.0,,,,-1212346.6204909233,-752706.560906506,,POINT (-1212346.6204909233 -752706.560906506)
324,144881,,-121.8531,-76.92439,,,2144.0,1757.0,387.0,,,,-1211798.6851407858,-752902.7106482729,,POINT (-1211798.6851407858 -752902.7106482729)
325,144880,,-121.8699,-76.9277,,,2145.0,1838.0,307.0,,,,-1211268.5970870832,-753065.7158484064,,POINT (-1211268.5970870832 -753065.7158484064)
326,144879,,-121.8799,-76.9294,,,2145.0,1969.0,176.0,,,,-1210978.3205770385,-753178.3291185492,,POINT (-1210978.3205770385 -753178.3291185492)
327,144878,,-121.8866,-76.93269000000001,,,2145.0,2070.0,75.0,,,,-1210582.8918705888,-753128.72591185,,POINT (-1210582.8918705888 -753128.72591185)
328,144877,,-121.9017,-76.9344,,,2145.0,2307.0,-162.0,,,,-1210224.6485300374,-753348.320077439,,POINT (-1210224.6485300374 -753348.320077439)
329,144876,,-121.9117,-76.9361,,,2145.0,2193.0,-48.0,,,,-1209934.3796049021,-753460.6642781334,,POINT (-1209934.3796049021 -753460.6642781334)
330,144875,,-121.9217,-76.9361,,,2144.0,2013.0,131.0,,,,-1209802.8574834561,-753671.8261877708,,POINT (-1209802.8574834561 -753671.8261877708)
331,144874,,-121.9317,-76.9377,,,2144.0,1892.0,252.0,,,,-1209521.9042665681,-753789.8606944077,,POINT (-1209521.9042665681 -753789.8606944077)
332,144873,,-121.9501,-76.94099,,,2145.0,1782.0,363.0,,,,-1208972.6404129958,-753986.7046292333,,POINT (-1208972.6404129958 -753986.7046292333)
333,144872,,-121.9568,-76.94099,,,2145.0,1708.0,437.0,,,,-1208884.4631588534,-754128.0731798498,,POINT (-1208884.4631588534 -754128.0731798498)
334,144871,,-121.9635,-76.946,,,2145.0,1665.0,480.0,,,,-1208328.6464482995,-753977.6422332411,,POINT (-1208328.6464482995 -753977.6422332411)
335,1490650,,-121.9801,-76.94769000000001,,,2146.0,1611.0,535.0,,,,-1207952.4382952356,-754229.2202318271,,POINT (-1207952.4382952356 -754229.2202318271)
336,144870,,-121.9869,-76.94769000000001,,,2146.0,1637.0,509.0,,,,-1207862.9160623197,-754372.5776009787,,POINT (-1207862.9160623197 -754372.5776009787)
337,144869,,-121.9969,-76.9494,,,2147.0,1701.0,446.0,,,,-1207571.6866181067,-754483.6931832673,,POINT (-1207571.6866181067 -754483.6931832673)
338,152008,,-122.0136,-76.95100000000001,,,2147.0,1822.0,325.0,,,,-1207202.468780959,-754742.3165154384,,POINT (-1207202.468780959 -754742.3165154384)
339,144868,,-122.0202,-76.95599,,,2148.0,1971.0,177.0,,,,-1206650.0612895929,-754590.2917042177,,POINT (-1206650.0612895929 -754590.2917042177)
340,1490649,,-122.0303,-76.95599,,,2148.0,2119.0,29.0,,,,-1206517.024683098,-754802.9861455762,,POINT (-1206517.024683098 -754802.9861455762)
341,1492115,,-121.8549,-76.92439,,,2145.0,1773.0,372.0,,,,-1211775.0314065441,-752940.780055193,,POINT (-1211775.0314065441 -752940.780055193)
342,1490664,,-120.9075,-76.7997,,,2068.0,1618.0,450.0,,,,-1235830.8851084607,-739849.2577138311,,POINT (-1235830.8851084607 -739849.2577138311)
343,1490663,,-120.9659,-76.80299000000001,,,2074.0,1938.0,136.0,,,,-1234765.6790170572,-740922.231696521,,POINT (-1234765.6790170572 -740922.231696521)
344,1490662,,-121.1431,-76.8096,,,2111.0,2397.0,-286.0,,,,-1231845.7326489824,-744361.2692810157,,POINT (-1231845.7326489824 -744361.2692810157)
345,1490661,,-121.1999,-76.81129,,,2116.0,2345.0,-229.0,,,,-1230948.127517191,-745485.7482405013,,POINT (-1230948.127517191 -745485.7482405013)
346,1490660,,-121.2634,-76.81619,,,2121.0,2324.0,-203.0,,,,-1229660.2377598986,-746569.6872920041,,POINT (-1229660.2377598986 -746569.6872920041)
347,1490659,,-121.2917,-76.82291,,,2123.0,2293.0,-170.0,,,,-1228659.408437012,-746792.8674487248,,POINT (-1228659.408437012 -746792.8674487248)
348,1490658,,-121.4455,-76.85291,,,2129.0,1705.0,424.0,,,,-1223833.9639080402,-748366.0791360585,,POINT (-1223833.9639080402 -748366.0791360585)
349,1490657,,-121.4789,-76.85789,,,2128.0,1519.0,609.0,,,,-1222930.1649560167,-748793.2249326125,,POINT (-1222930.1649560167 -748793.2249326125)
350,1490656,,-121.529,-76.8678,,,2130.0,1373.0,757.0,,,,-1221345.4719810048,-749292.0515690794,,POINT (-1221345.4719810048 -749292.0515690794)
351,144901,,-121.5307,-76.8678,,,2132.0,1338.0,794.0,,,,-1221323.2395006956,-749328.2892889003,,POINT (-1221323.2395006956 -749328.2892889003)
352,144900,,-121.5474,-76.8678,,,2133.0,1365.0,768.0,,,,-1221104.7809198804,-749684.2365207596,,POINT (-1221104.7809198804 -749684.2365207596)
353,144899,,-121.5574,-76.8712,,,2136.0,1462.0,674.0,,,,-1220655.1279113055,-749701.5538619332,,POINT (-1220655.1279113055 -749701.5538619332)
354,1490655,,-121.5674,-76.8712,,,2139.0,1607.0,532.0,,,,-1220524.2617151067,-749914.5869523784,,POINT (-1220524.2617151067 -749914.5869523784)
355,144898,,-121.5758,-76.8728,,,2142.0,1706.0,436.0,,,,-1220264.3169561506,-750001.3309067932,,POINT (-1220264.3169561506 -750001.3309067932)
356,144897,,-121.5941,-76.87781,,,2145.0,1809.0,336.0,,,,-1219555.1518218378,-750102.2331255149,,POINT (-1219555.1518218378 -750102.2331255149)
357,144896,,-121.5975,-76.87781,,,2149.0,1952.0,197.0,,,,-1219510.637712045,-750174.6016643267,,POINT (-1219510.637712045 -750174.6016643267)
358,144895,,-121.6443,-76.88450999999999,,,2154.0,2359.0,-205.0,,,,-1218269.8743150928,-750783.691322016,,POINT (-1218269.8743150928 -750783.691322016)
359,1490665,,-120.8006,-76.7964,,,2079.0,2390.0,-311.0,,,,-1237521.0520603915,-737728.1691287151,,POINT (-1237521.0520603915 -737728.1691287151)
360,18059,,-118.265,-76.60167,,,1667.0,1557.0,110.0,,,,-1287824.9795274541,-692407.8750409065,,POINT (-1287824.9795274541 -692407.8750409065)
361,1490674,,-118.2229,-76.61681,,,1695.0,625.0,1070.0,,,,-1286864.7960211267,-690673.2001168655,,POINT (-1286864.7960211267 -690673.2001168655)
362,1490673,,-118.2563,-76.6201,,,1717.0,585.0,1132.0,,,,-1286142.9264670315,-691251.7814835928,,POINT (-1286142.9264670315 -691251.7814835928)
363,1490672,,-118.3181,-76.6284,,,1750.0,344.0,1406.0,,,,-1284592.2136886178,-692205.1930636358,,POINT (-1284592.2136886178 -692205.1930636358)
364,1490671,,-118.3749,-76.6384,,,1760.0,574.0,1186.0,,,,-1282936.7805871957,-692955.1648789959,,POINT (-1282936.7805871957 -692955.1648789959)
365,18058,,-118.375,-76.64333,,,1805.0,747.0,1058.0,,,,-1282458.0654918,-692699.4868786234,,POINT (-1282458.0654918 -692699.4868786234)
366,1490670,,-118.5503,-76.6534,,,1813.0,827.0,986.0,,,,-1279358.9885839922,-696090.204302099,,POINT (-1279358.9885839922 -696090.204302099)
367,1490669,,-118.5871,-76.65669,,,1823.0,1028.0,795.0,,,,-1278593.627332636,-696738.4760753686,,POINT (-1278593.627332636 -696738.4760753686)
368,1490668,,-118.649,-76.6617,,,1837.0,1179.0,658.0,,,,-1277356.175911637,-697854.9986043216,,POINT (-1277356.175911637 -697854.9986043216)
369,1465401,,-118.3733,-76.69666,,,1909.0,912.0,997.0,,,,-1277313.4392191449,-689871.743570067,,POINT (-1277313.4392191449 -689871.743570067)
370,1490667,,-118.7091,-76.6651,,,1846.0,1200.0,646.0,,,,-1276295.2063579233,-699014.7049186941,,POINT (-1276295.2063579233 -699014.7049186941)
371,1490666,,-118.7542,-76.6684,,,1856.0,1180.0,676.0,,,,-1275426.123374001,-699844.3706970147,,POINT (-1275426.123374001 -699844.3706970147)
372,18057,,-118.4,-76.74834,,,1894.0,1524.0,370.0,,,,-1271988.2216336967,-687761.4657972839,,POINT (-1271988.2216336967 -687761.4657972839)
373,18056,,-118.3333,-76.80167,,,1882.0,1380.0,502.0,,,,-1267621.9405860624,-683494.7205102497,,POINT (-1267621.9405860624 -683494.7205102497)
374,18055,,-118.2333,-76.85,,,1839.0,1423.0,416.0,,,,-1264127.2791164725,-678765.3302713169,,POINT (-1264127.2791164725 -678765.3302713169)
375,18054,,-118.3867,-76.88834,,,1813.0,1865.0,-52.0,,,,-1258594.025679485,-680141.7294901535,,POINT (-1258594.025679485 -680141.7294901535)
376,18053,,-118.5533,-76.92166999999999,,,1800.0,1928.0,-128.0,,,,-1253389.8954942846,-682045.6617677509,,POINT (-1253389.8954942846 -682045.6617677509)
377,18052,,-118.7033,-76.95834,,,1803.0,2175.0,-372.0,,,,-1248061.366459264,-683387.0716250496,,POINT (-1248061.366459264 -683387.0716250496)
378,18051,,-118.8583,-76.995,,,1808.0,2128.0,-320.0,,,,-1242675.883940877,-684814.3835787444,,POINT (-1242675.883940877 -684814.3835787444)
379,18050,,-119.025,-77.02665999999999,,,1809.0,2218.0,-409.0,,,,-1237632.8574155895,-686737.2107809887,,POINT (-1237632.8574155895 -686737.2107809887)
380,18049,,-119.1883,-77.065,,,1814.0,2100.0,-286.0,,,,-1231988.7748809112,-688205.1353187547,,POINT (-1231988.7748809112 -688205.1353187547)
381,18048,,-119.3417,-77.1,,,1855.0,2033.0,-178.0,,,,-1226786.0441307884,-689614.7331631315,,POINT (-1226786.0441307884 -689614.7331631315)
382,1465400,,-119.5083,-77.135,,,1860.0,2006.0,-146.0,,,,-1221425.615119028,-691282.9591470573,,POINT (-1221425.615119028 -691282.9591470573)
383,18047,,-119.6667,-77.17,,,1880.0,1912.0,-32.0,,,,-1216165.2635614127,-692751.9378030455,,POINT (-1216165.2635614127 -692751.9378030455)
384,18046,,-119.85,-77.225,,,1884.0,1619.0,265.0,,,,-1208697.105031332,-693628.8081365568,,POINT (-1208697.105031332 -693628.8081365568)
385,1465399,,-119.8667,-77.25667,,,1891.0,1788.0,103.0,,,,-1205475.0665226458,-692246.9414958068,,POINT (-1205475.0665226458 -692246.9414958068)
386,18045,,-119.8733,-77.30666,,,1879.0,1972.0,-93.0,,,,-1200629.3230788936,-689648.1839236557,,POINT (-1200629.3230788936 -689648.1839236557)
387,1465398,,-119.9233,-77.35333,,,1872.0,1985.0,-113.0,,,,-1195580.1983418209,-688136.216915874,,POINT (-1195580.1983418209 -688136.216915874)
388,18044,,-119.9583,-77.4,,,1858.0,2139.0,-281.0,,,,-1190714.7305012415,-686304.4820784215,,POINT (-1190714.7305012415 -686304.4820784215)
389,18043,,-119.98,-77.45,,,1828.0,2656.0,-828.0,,,,-1185694.1443599304,-684009.0974804194,,POINT (-1185694.1443599304 -684009.0974804194)
390,1465397,,-120.0167,-77.49667,,,1832.0,2983.0,-1151.0,,,,-1180814.2894189004,-682202.4210058466,,POINT (-1180814.2894189004 -682202.4210058466)
391,1465408,,-116.85,-75.96667,,,1589.0,1585.0,4.0,,,,-1366941.5724079146,-691989.7950943622,,POINT (-1366941.5724079146 -691989.7950943622)
392,18069,,-116.9033,-76.01167,,,1587.0,1963.0,-376.0,,,,-1361873.8558771168,-691016.6708222299,,POINT (-1361873.8558771168 -691016.6708222299)
393,18068,,-116.95,-76.06166999999999,,,1588.0,1749.0,-161.0,,,,-1356397.809157241,-689628.8827176233,,POINT (-1356397.809157241 -689628.8827176233)
394,1465407,,-117.005,-76.10833000000001,,,1586.0,1852.0,-266.0,,,,-1351153.6594899755,-688595.7041407229,,POINT (-1351153.6594899755 -688595.7041407229)
395,18067,,-117.0617,-76.15666999999999,,,1587.0,1825.0,-238.0,,,,-1345727.9318418766,-687509.0321397027,,POINT (-1345727.9318418766 -687509.0321397027)
396,1465406,,-117.1083,-76.20167,,,1577.0,1492.0,85.0,,,,-1340754.7006951086,-686343.9469304465,,POINT (-1340754.7006951086 -686343.9469304465)
397,18066,,-117.1667,-76.25,,,1547.0,1926.0,-379.0,,,,-1335317.130669214,-685279.0210513233,,POINT (-1335317.130669214 -685279.0210513233)
398,18065,,-117.2333,-76.295,,,1542.0,2337.0,-795.0,,,,-1330111.821950845,-684562.1516057833,,POINT (-1330111.821950845 -684562.1516057833)
399,1465405,,-117.2917,-76.34333000000001,,,1544.0,2171.0,-627.0,,,,-1324682.28030821,-683476.5092275491,,POINT (-1324682.28030821 -683476.5092275491)
400,18064,,-117.3417,-76.39,,,1554.0,2582.0,-1028.0,,,,-1319519.2288571685,-682271.3014493292,,POINT (-1319519.2288571685 -682271.3014493292)
401,18063,,-117.3933,-76.43833000000001,,,1561.0,3180.0,-1619.0,,,,-1314178.3877338753,-681010.4184880154,,POINT (-1314178.3877338753 -681010.4184880154)
402,1465404,,-117.4483,-76.485,,,1561.0,3464.0,-1903.0,,,,-1308963.2240551806,-679902.6328623638,,POINT (-1308963.2240551806 -679902.6328623638)
403,18062,,-117.5033,-76.53,,,1562.0,3460.0,-1898.0,,,,-1303914.9223242335,-678870.5996374503,,POINT (-1303914.9223242335 -678870.5996374503)
404,18061,,-117.5667,-76.57667,,,1554.0,2465.0,-911.0,,,,-1298607.8259838058,-677935.0364741967,,POINT (-1298607.8259838058 -677935.0364741967)
405,1465403,,-117.6167,-76.62666,,,1559.0,2268.0,-709.0,,,,-1293139.2700214803,-676516.8699190841,,POINT (-1293139.2700214803 -676516.8699190841)
406,18060,,-117.8333,-76.60667,,,1567.0,1913.0,-346.0,,,,-1292518.6101853473,-682428.0768694623,,POINT (-1292518.6101853473 -682428.0768694623)
407,1490678,,-117.8887,-76.6035,,,1620.0,559.0,1061.0,,,,-1292166.6132325411,-683840.7507493955,,POINT (-1292166.6132325411 -683840.7507493955)
408,1490677,,-117.9422,-76.6035,,,1634.0,937.0,697.0,,,,-1291527.512923711,-685047.014517577,,POINT (-1291527.512923711 -685047.014517577)
409,1465402,,-118.0417,-76.59333000000001,,,1625.0,1706.0,-81.0,,,,-1291324.1095083032,-687815.2075041893,,POINT (-1291324.1095083032 -687815.2075041893)
410,1490676,,-117.9857,-76.60519000000001,,,1645.0,771.0,874.0,,,,-1290842.7432669124,-685940.0623803088,,POINT (-1290842.7432669124 -685940.0623803088)
411,1490675,,-118.0375,-76.60519000000001,,,1659.0,661.0,998.0,,,,-1290222.0707381533,-687106.8077113644,,POINT (-1290222.0707381533 -687106.8077113644)
412,18042,,-120.0167,-77.54833,,,1834.0,2772.0,-938.0,,,,-1175898.3667946442,-679362.300975291,,POINT (-1175898.3667946442 -679362.300975291)
413,18041,,-120.0167,-77.59834000000001,,,1828.0,2428.0,-600.0,,,,-1171139.8992981312,-676613.148906682,,POINT (-1171139.8992981312 -676613.148906682)
414,147240,,-119.649,-77.68961,,,1778.0,2373.0,-595.0,,,,-1166742.6995921126,-664122.5629005285,,POINT (-1166742.6995921126 -664122.5629005285)
415,147241,,-119.6691,-77.688,,,1778.0,2417.0,-639.0,,,,-1166663.340064523,-664619.3840295918,,POINT (-1166663.340064523 -664619.3840295918)
416,147242,,-119.6824,-77.68961,,,1778.0,2461.0,-683.0,,,,-1166355.3577863667,-664802.5909757674,,POINT (-1166355.3577863667 -664802.5909757674)
417,147243,,-119.7107,-77.6913,,,1779.0,2556.0,-777.0,,,,-1165865.5871997783,-665286.5825877794,,POINT (-1165865.5871997783 -665286.5825877794)
418,147244,,-119.7291,-77.6947,,,1780.0,2584.0,-804.0,,,,-1165327.5018984054,-665475.7165764652,,POINT (-1165327.5018984054 -665475.7165764652)
419,147245,,-119.7408,-77.6947,,,1781.0,2617.0,-836.0,,,,-1165191.5851173566,-665713.6666806833,,POINT (-1165191.5851173566 -665713.6666806833)
420,1465396,,-120.0083,-77.64667,,,1817.0,2339.0,-522.0,,,,-1166640.4909119639,-673785.5566681301,,POINT (-1166640.4909119639 -673785.5566681301)
421,1491132,,-119.6424,-77.688,,,1777.0,2335.0,-558.0,,,,-1166972.9279449494,-664075.6433735354,,POINT (-1166972.9279449494 -664075.6433735354)
422,1491133,,-119.6991,-77.6913,,,1778.0,2508.0,-730.0,,,,-1166000.2560243309,-665050.5299142348,,POINT (-1166000.2560243309 -665050.5299142348)
423,18040,,-120.0,-77.69666,,,1800.0,2752.0,-952.0,,,,-1161981.569978449,-670870.3722204411,,POINT (-1161981.569978449 -670870.3722204411)
424,18039,,-120.0,-77.74667,,,1802.0,2813.0,-1011.0,,,,-1157223.5820874055,-668123.3466307463,,POINT (-1157223.5820874055 -668123.3466307463)
425,1465395,,-120.0,-77.79666999999999,,,1795.0,2667.0,-872.0,,,,-1152466.9736896092,-665377.1174918489,,POINT (-1152466.9736896092 -665377.1174918489)
426,147246,,-120.0862,-77.8317,,,1776.0,2088.0,-312.0,,,,-1148135.299699422,-665181.3476624327,,POINT (-1148135.299699422 -665181.3476624327)
427,1491134,,-120.0862,-77.8333,,,1775.0,2000.0,-225.0,,,,-1147983.2371895046,-665093.249033898,,POINT (-1147983.2371895046 -665093.249033898)
428,147247,,-120.0795,-77.8367,,,1772.0,1942.0,-170.0,,,,-1147737.8501098945,-664771.8317402421,,POINT (-1147737.8501098945 -664771.8317402421)
429,147248,,-120.0728,-77.84170999999999,,,1771.0,1910.0,-139.0,,,,-1147339.3741926681,-664361.8699437417,,POINT (-1147339.3741926681 -664361.8699437417)
430,147249,,-120.0728,-77.84170999999999,,,1767.0,1905.0,-138.0,,,,-1147339.3741926681,-664361.8699437417,,POINT (-1147339.3741926681 -664361.8699437417)
